City_ID,City,Date,Lat,Lng,Max Temp,Humidity,Cloudiness,Wind Speed
0,Upernavik,2021-09-29 01:19:38,72.7868,-56.1549,25.77,52,16,4.27
1,Kathu,2021-09-29 01:19:38,7.9178,98.3332,78.62,79,69,3.33
2,Carnarvon,2021-09-29 01:19:39,-24.8667,113.6333,73.47,64,4,3.44
3,Imbituba,2021-09-29 01:19:29,-28.24,-48.6703,68.83,94,100,11.88
4,Avarua,2021-09-29 01:15:42,-21.2078,-159.775,80.65,69,75,5.75
5,Kodiak,2021-09-29 01:19:39,57.79,-152.4072,51.31,62,75,6.91
6,Georgetown,2021-09-29 01:15:27,5.4112,100.3354,76.95,95,40,2.3
7,Lesnoy,2021-09-29 01:19:40,57.6198,63.0784,31.89,86,76,6.38
8,Lebu,2021-09-29 01:19:40,-37.6167,-73.65,47.64,83,94,5.88
9,Nikolskoye,2021-09-29 01:17:07,59.7035,30.7861,47.88,70,100,2.46
10,Arraial Do Cabo,2021-09-29 01:17:04,-22.9661,-42.0278,71.02,88,0,24.67
11,Merauke,2021-09-29 01:19:41,-8.4667,140.3333,83.89,66,93,10.74
12,Tuktoyaktuk,2021-09-29 01:19:41,69.4541,-133.0374,33.8,100,90,10.36
13,Tugulym,2021-09-29 01:19:41,57.0591,64.6425,33.87,92,88,8.16
14,Sitka,2021-09-29 01:19:30,57.0531,-135.33,53.49,54,75,10.36
15,Cockburn Town,2021-09-29 01:17:55,21.4612,-71.1419,83.59,71,3,9.08
16,Bluff,2021-09-29 01:17:05,-46.6,168.3333,52.81,80,99,23.89
17,Mataura,2021-09-29 01:17:08,-46.1927,168.8643,52.48,79,74,8.97
18,Puerto Ayora,2021-09-29 01:18:03,-0.7393,-90.3518,69.76,91,52,7.65
19,Kutum,2021-09-29 01:19:42,14.2,24.6667,77.04,31,15,12.91
20,Los Llanos De Aridane,2021-09-29 01:17:14,28.6585,-17.9182,72.12,65,75,16.11
21,Ushuaia,2021-09-29 01:15:33,-54.8,-68.3,44.26,53,75,21.85
22,Poso,2021-09-29 01:19:43,-1.3959,120.7524,85.78,62,69,1.28
23,Deputatskiy,2021-09-29 01:19:43,69.3,139.9,21.7,74,23,1.9
24,Magaria,2021-09-29 01:19:44,12.9983,8.9099,83.03,42,100,7.05
25,Kavaratti,2021-09-29 01:19:01,10.5669,72.642,80.85,81,29,16.31
26,Kushima,2021-09-29 01:19:44,31.4583,131.2333,81.91,65,0,11.59
27,Paracuru,2021-09-29 01:19:44,-3.41,-39.0306,80.62,83,1,14.7
28,Hithadhoo,2021-09-29 01:19:45,-0.6,73.0833,82.33,73,27,11.59
29,Bengkulu,2021-09-29 01:19:45,-3.8004,102.2655,77.65,87,75,2.51
30,Vaini,2021-09-29 01:17:01,-21.2,-175.2,80.76,83,20,8.05
31,Rikitea,2021-09-29 01:19:46,-23.1203,-134.9692,73.63,65,100,15.57
32,Murgab,2021-09-29 01:19:46,37.4966,61.9714,58.87,58,0,4.61
33,Oranjemund,2021-09-29 01:19:46,-28.55,16.4333,55.33,92,45,8.86
34,Camacha,2021-09-29 01:19:47,33.0833,-16.3333,70.56,78,40,14.97
35,Sao Felix Do Xingu,2021-09-29 01:19:47,-6.6447,-51.995,72.14,98,99,1.3
36,Punta Arenas,2021-09-29 01:19:47,-53.15,-70.9167,46.51,46,20,31.07
37,Yellowknife,2021-09-29 01:15:21,62.456,-114.3525,49.41,100,75,3.0
38,Kapaa,2021-09-29 01:19:48,22.0752,-159.319,85.98,72,75,3.0
39,Quatre Cocos,2021-09-29 01:19:48,-20.2078,57.7625,72.09,70,75,16.8
40,Ko Samui,2021-09-29 01:19:48,9.5357,99.9357,85.91,79,20,0.0
41,Chapais,2021-09-29 01:17:44,49.7834,-74.8492,40.78,97,100,7.9
42,Balakhninskiy,2021-09-29 01:19:49,58.0106,114.2769,33.94,91,100,4.59
43,New Norfolk,2021-09-29 01:19:49,-42.7826,147.0587,54.91,67,100,1.99
44,Katsuura,2021-09-29 01:19:49,35.1333,140.3,77.04,75,31,10.78
45,Vestmannaeyjar,2021-09-29 01:19:50,63.4427,-20.2734,40.6,79,100,34.9
46,Saint Anthony,2021-09-29 01:19:50,45.0205,-93.218,73.29,62,1,1.99
47,Albany,2021-09-29 01:16:53,42.6001,-73.9662,57.45,74,100,8.01
48,Wajima,2021-09-29 01:19:50,37.4,136.9,77.68,69,0,4.61
49,Anjiang,2021-09-29 01:19:51,27.3194,110.1031,73.17,94,100,4.14
50,Jamestown,2021-09-29 01:15:21,42.097,-79.2353,56.79,82,20,3.44
51,Whitehorse,2021-09-29 01:15:20,60.7161,-135.0538,39.97,84,75,1.99
52,Kungurtug,2021-09-29 01:19:51,50.5994,97.5228,28.58,43,9,0.4
53,Faanui,2021-09-29 01:19:52,-16.4833,-151.75,79.39,74,21,13.62
54,Nhulunbuy,2021-09-29 01:19:52,-12.2333,136.7667,86.61,62,75,13.8
55,Hermanus,2021-09-29 01:19:52,-34.4187,19.2345,58.89,83,13,8.9
56,Lavrentiya,2021-09-29 01:19:53,65.5833,-171.0,34.09,75,100,10.0
57,Busselton,2021-09-29 01:19:53,-33.65,115.3333,62.04,73,100,13.56
58,Dukat,2021-09-29 01:19:53,62.55,155.55,21.51,58,100,13.2
59,Bethanien,2021-09-29 01:19:53,-26.502,17.1583,60.76,43,76,3.87
60,Pevek,2021-09-29 01:19:54,69.7008,170.3133,23.85,84,100,4.29
61,Conakry,2021-09-29 01:19:54,9.538,-13.6773,73.36,80,100,6.15
62,Baykit,2021-09-29 01:19:54,61.67,96.37,38.08,81,100,2.06
63,San Isidro,2021-09-29 01:19:55,-12.1167,-77.05,61.25,86,75,9.22
64,Kanniyakumari,2021-09-29 01:19:55,8.0833,77.5667,78.31,82,96,16.28
65,Leningradskiy,2021-09-29 01:19:55,69.3833,178.4167,24.84,96,100,12.77
66,Rocha,2021-09-29 01:19:56,-34.4833,-54.3333,55.67,77,97,10.29
67,Birao,2021-09-29 01:19:56,10.2849,22.7882,72.0,83,100,2.93
68,Hobart,2021-09-29 01:19:56,-42.8794,147.3294,55.26,65,75,13.8
69,Thompson,2021-09-29 01:19:57,55.7435,-97.8558,57.36,58,40,6.91
70,Torbay,2021-09-29 01:19:08,47.6666,-52.7314,62.67,91,90,21.85
71,Hilo,2021-09-29 01:19:57,19.7297,-155.09,85.28,77,90,0.0
72,Bambous Virieux,2021-09-29 01:19:58,-20.3428,57.7575,72.21,60,75,17.27
73,Fairbanks,2021-09-29 01:15:26,64.8378,-147.7164,35.56,62,1,0.0
74,Kapoeta,2021-09-29 01:19:58,4.7717,33.5903,76.41,68,98,2.15
75,Gurun,2021-09-29 01:19:58,5.8172,100.4738,80.38,89,99,1.57
76,Polyarnyy,2021-09-29 01:19:59,69.1989,33.4478,43.27,77,34,19.57
77,Butaritari,2021-09-29 01:19:59,3.0707,172.7902,83.37,73,79,21.14
78,Castro,2021-09-29 01:19:59,-24.7911,-50.0119,65.52,81,100,3.36
79,Buckeye,2021-09-29 01:15:00,33.3703,-112.5838,91.18,35,0,5.75
80,Adrar,2021-09-29 01:20:00,20.5022,-10.0711,88.86,9,0,6.85
81,Alexander City,2021-09-29 01:20:00,32.944,-85.9539,71.78,94,1,0.0
82,West Helena,2021-09-29 01:20:00,34.5507,-90.6418,76.68,67,100,7.34
83,Tura,2021-09-29 01:20:01,25.5198,90.2201,73.11,91,100,2.57
84,Saint-Philippe,2021-09-29 01:18:23,-21.3585,55.7679,71.15,76,43,12.68
85,Isabela,2021-09-29 01:20:01,6.7085,121.9711,85.06,67,100,2.1
86,Kaitangata,2021-09-29 01:20:15,-46.2817,169.8464,55.92,61,20,11.9
87,Margate,2021-09-29 01:20:15,51.3813,1.3862,55.11,93,100,1.01
88,Ulaangom,2021-09-29 01:15:39,49.9811,92.0667,35.19,53,100,1.92
89,Policoro,2021-09-29 01:20:16,40.2115,16.6726,71.58,64,5,6.6
90,Provideniya,2021-09-29 01:20:16,64.3833,-173.3,33.91,80,90,11.18
91,Ponta Do Sol,2021-09-29 01:20:17,32.6667,-17.1,74.03,76,83,6.42
92,Rundu,2021-09-29 01:20:17,-17.9333,19.7667,71.33,22,5,7.7
93,Dikson,2021-09-29 01:18:19,73.5069,80.5464,37.08,99,100,10.29
94,Visnes,2021-09-29 01:20:17,59.3556,5.2242,58.21,67,100,19.57
95,Hami,2021-09-29 01:20:18,42.8,93.45,65.59,23,0,2.86
96,Havre-Saint-Pierre,2021-09-29 01:20:18,50.2334,-63.5986,50.0,100,90,6.91
97,Xining,2021-09-29 01:20:18,36.6167,101.7667,54.72,47,100,2.39
98,Pilar,2021-09-29 01:20:19,-9.5972,-35.9567,78.73,89,54,2.26
99,Ribeira Grande,2021-09-29 01:20:19,38.5167,-28.7,72.3,87,22,15.82
100,Ventspils,2021-09-29 01:20:19,57.3894,21.5606,51.73,82,0,6.91
101,Shubarshi,2021-09-29 01:20:20,48.5872,57.1869,39.07,87,100,11.32
102,Cherskiy,2021-09-29 01:17:40,68.75,161.3,26.26,92,100,11.68
103,Wellington,2021-09-29 01:16:23,-41.2866,174.7756,60.46,57,2,4.0
104,Sao Filipe,2021-09-29 01:20:21,14.8961,-24.4956,79.14,81,12,6.73
105,Honningsvag,2021-09-29 01:20:21,70.9821,25.9704,47.97,82,96,11.07
106,Caravelas,2021-09-29 01:20:21,-17.7125,-39.2481,70.81,87,0,5.37
107,Sao Joao Da Barra,2021-09-29 01:17:06,-21.6403,-41.0511,72.41,87,0,18.95
108,Atuona,2021-09-29 01:20:22,-9.8,-139.0333,78.04,71,4,19.28
109,Cape Town,2021-09-29 01:18:01,-33.9258,18.4232,60.12,74,0,13.8
110,Port Alfred,2021-09-29 01:20:22,-33.5906,26.891,58.44,86,100,11.36
111,Manggar,2021-09-29 01:20:22,-2.8833,108.2667,84.31,71,98,12.64
112,Yuxia,2021-09-29 01:20:23,34.0615,108.6291,63.21,64,0,1.48
113,Bredasdorp,2021-09-29 01:20:23,-34.5322,20.0403,48.27,88,13,3.78
114,Nanortalik,2021-09-29 01:17:15,60.1432,-45.2371,37.0,63,1,4.63
115,Antofagasta,2021-09-29 01:16:03,-23.65,-70.4,58.28,81,15,4.65
116,Barrow,2021-09-29 01:17:36,71.2906,-156.7887,28.42,86,90,4.61
117,Dondo,2021-09-29 01:20:24,-19.6094,34.7431,69.1,94,0,1.83
118,Coihaique,2021-09-29 01:16:20,-45.5752,-72.0662,40.95,75,0,2.3
119,Labuhan,2021-09-29 01:20:24,-6.8844,112.2051,82.85,65,68,8.59
120,Barreirinha,2021-09-29 01:20:24,-2.7933,-57.07,78.19,69,28,3.83
121,Haines Junction,2021-09-29 01:20:25,60.7522,-137.5108,40.95,56,99,2.3
122,Fonte Boa,2021-09-29 01:20:25,-2.4959,-66.2662,72.21,96,42,3.44
123,Cortez,2021-09-29 01:16:05,37.3489,-108.5859,63.52,64,40,0.0
124,Ambilobe,2021-09-29 01:20:26,-13.2,49.05,69.6,75,12,6.06
125,Chuy,2021-09-29 01:20:26,-33.6971,-53.4616,57.31,87,91,12.55
126,Cabo San Lucas,2021-09-29 01:18:03,22.8909,-109.9124,87.51,67,1,1.01
127,Qasigiannguit,2021-09-29 01:20:26,68.8193,-51.1922,26.85,75,73,4.79
128,Mudu,2021-09-29 01:20:27,31.252,120.5118,79.02,82,100,11.99
129,Narsaq,2021-09-29 01:18:24,60.9167,-46.05,34.02,45,0,6.46
130,Scarborough,2021-09-29 01:18:34,54.2797,-0.4044,51.53,91,100,1.99
131,Terrace,2021-09-29 01:18:44,54.5163,-128.6035,50.43,76,75,12.66
132,Kodinsk,2021-09-29 01:20:27,58.6881,99.1844,35.8,90,100,1.92
133,Susanville,2021-09-29 01:20:28,40.4163,-120.653,59.83,32,3,1.99
134,Isangel,2021-09-29 01:17:44,-19.55,169.2667,76.24,69,94,13.02
135,Victoria,2021-09-29 01:19:53,22.2855,114.1577,87.96,82,0,5.01
136,Vila Franca Do Campo,2021-09-29 01:20:28,37.7167,-25.4333,75.2,91,31,4.79
137,Port Hardy,2021-09-29 01:19:00,50.6996,-127.4199,53.78,66,90,5.75
138,Liverpool,2021-09-29 01:20:29,53.4106,-2.9779,50.29,86,40,1.01
139,Champerico,2021-09-29 01:20:29,14.3,-91.9167,83.35,77,48,8.1
140,Lodja,2021-09-29 01:20:30,-3.4833,23.4333,68.58,99,100,1.05
141,Mar Del Plata,2021-09-29 01:17:32,-38.0023,-57.5575,54.12,72,0,1.01
142,Banda Aceh,2021-09-29 01:20:30,5.5577,95.3222,78.89,82,100,5.61
143,Hailar,2021-09-29 01:20:30,49.2,119.7,38.93,55,5,17.22
144,Mataram,2021-09-29 01:20:31,-8.5833,116.1167,81.41,71,94,9.66
145,Siguiri,2021-09-29 01:20:31,11.6667,-9.5,76.41,73,0,2.46
146,Nome,2021-09-29 01:20:31,64.5011,-165.4064,37.47,49,90,6.91
147,Rockland,2021-09-29 01:20:32,41.1668,-74.0496,68.45,85,34,6.46
148,Chokurdakh,2021-09-29 01:18:03,70.6333,147.9167,26.67,93,91,8.05
149,Te Anau,2021-09-29 01:17:06,-45.4167,167.7167,50.04,83,98,7.52
150,Neuquen,2021-09-29 01:20:32,-38.9516,-68.0591,66.09,26,0,0.0
151,Howard Springs,2021-09-29 01:20:33,-12.497,131.047,89.98,65,22,3.89
152,Longyearbyen,2021-09-29 01:17:03,78.2186,15.6401,37.24,70,75,14.97
153,Esperance,2021-09-29 01:17:35,-33.8667,121.9,58.84,72,95,10.71
154,San Patricio,2021-09-29 01:20:33,28.017,-97.5169,85.86,71,3,17.27
155,Road Town,2021-09-29 01:17:34,18.4167,-64.6167,83.19,73,3,12.55
156,Tadine,2021-09-29 01:20:34,-21.55,167.8833,74.25,62,64,14.67
157,Bethel,2021-09-29 01:20:34,41.3712,-73.414,65.48,92,20,0.0
158,Alofi,2021-09-29 01:20:34,-19.0595,-169.9187,78.69,83,75,13.8
159,Amapa,2021-09-29 01:20:35,1.0,-52.0,76.69,67,1,4.27
160,Naro-Fominsk,2021-09-29 01:20:35,55.3875,36.7331,34.16,93,14,3.91
161,Porto Novo,2021-09-29 01:16:06,6.4965,2.6036,78.62,89,100,5.48
162,Lewistown,2021-09-29 01:20:36,40.5992,-77.5714,64.9,95,1,0.0
163,Gushikawa,2021-09-29 01:20:36,26.3544,127.8686,85.62,70,20,14.97
164,Khuzdar,2021-09-29 01:20:36,27.7384,66.6434,75.07,60,1,2.91
165,Geraldton,2021-09-29 01:20:36,-28.7667,114.6,70.21,64,50,10.36
166,Maxixe,2021-09-29 01:20:37,-23.8597,35.3472,70.74,92,0,5.61
167,Kokopo,2021-09-29 01:20:37,-4.352,152.2633,85.95,64,60,10.33
168,Umm Lajj,2021-09-29 01:20:38,25.0213,37.2685,78.57,64,1,10.98
169,Guerrero Negro,2021-09-29 01:20:38,27.9769,-114.0611,71.46,69,1,15.93
170,Lethem,2021-09-29 01:20:38,3.3803,-59.7968,83.05,55,20,4.47
171,Kavieng,2021-09-29 01:20:39,-2.5744,150.7967,85.24,69,21,7.83
172,Sabang,2021-09-29 01:20:39,5.8933,95.3214,79.7,78,100,7.78
173,Treinta Y Tres,2021-09-29 01:20:39,-33.2333,-54.3833,53.42,97,43,8.08
174,Pisco,2021-09-29 01:20:40,-13.7,-76.2167,62.65,82,0,3.44
175,Kuandian,2021-09-29 01:20:40,40.7286,124.7847,63.97,88,100,1.19
176,Tasiilaq,2021-09-29 01:20:40,65.6145,-37.6368,33.96,51,100,4.07
177,Tilichiki,2021-09-29 01:20:41,60.4667,166.1,28.87,78,100,14.38
178,Itoman,2021-09-29 01:20:41,26.1247,127.6694,86.4,70,20,13.8
179,Yakeshi,2021-09-29 01:20:41,49.2833,120.7333,38.17,57,6,16.73
180,Fortuna,2021-09-29 01:20:42,40.5982,-124.1573,63.48,69,20,1.99
181,Ostrovnoy,2021-09-29 01:20:42,68.0531,39.5131,49.42,76,100,10.54
182,Matata,2021-09-29 01:20:42,-37.8833,176.75,64.58,52,77,11.54
183,Port Elizabeth,2021-09-29 01:20:43,-33.918,25.5701,57.49,67,0,10.36
184,Moose Factory,2021-09-29 01:20:43,51.2585,-80.6094,46.4,87,90,4.61
185,Nizhniy Kuranakh,2021-09-29 01:20:43,58.8353,125.4869,35.44,98,100,7.92
186,Barao De Melgaco,2021-09-29 01:20:44,-16.1944,-55.9675,86.52,47,2,5.01
187,Ilulissat,2021-09-29 01:20:44,69.2167,-51.1,26.62,39,41,10.36
188,Fort Nelson,2021-09-29 01:18:31,58.8053,-122.7002,40.59,93,90,3.44
189,Zonnebeke,2021-09-29 01:20:44,50.8726,2.9873,56.66,84,100,5.99
190,Egvekinot,2021-09-29 01:20:45,66.3167,-179.1667,25.5,93,100,3.15
191,Pringsewu,2021-09-29 01:20:45,-5.3582,104.9744,79.88,84,100,1.21
192,Hammerfest,2021-09-29 01:20:45,70.6634,23.6821,45.05,76,0,0.0
193,Hofn,2021-09-29 01:20:46,64.2539,-15.2082,38.44,69,100,10.85
194,Alexandria,2021-09-29 01:17:26,31.2156,29.9553,76.89,58,0,10.54
195,Hamilton,2021-09-29 01:16:43,39.1834,-84.5333,73.76,82,1,0.0
196,Black Forest,2021-09-29 01:17:03,39.0131,-104.7008,62.6,42,40,1.01
197,Mahebourg,2021-09-29 01:20:46,-20.4081,57.7,72.25,60,75,17.27
198,Yining,2021-09-29 01:20:47,29.0361,114.5636,75.27,93,100,3.51
199,Ulladulla,2021-09-29 01:20:47,-35.35,150.4667,71.87,57,100,6.71
200,Surazh,2021-09-29 01:20:47,53.0175,32.3918,43.74,78,100,7.38
201,Pingliang,2021-09-29 01:20:48,35.5392,106.6861,63.21,76,18,3.0
202,San Vicente,2021-09-29 01:20:48,-26.6167,-54.1333,63.41,96,98,7.56
203,Bartica,2021-09-29 01:20:48,6.4,-58.6167,79.12,91,5,2.55
204,Adwa,2021-09-29 01:20:49,14.1646,38.8955,61.59,61,22,1.61
205,Olga,2021-09-29 01:20:49,43.7444,135.2892,65.05,90,100,3.31
206,Kulhudhuffushi,2021-09-29 01:20:49,6.6221,73.07,82.04,77,35,14.65
207,Semey,2021-09-29 01:20:50,50.4111,80.2275,50.22,87,75,6.71
208,Mount Gambier,2021-09-29 01:20:50,-37.8333,140.7667,62.87,60,100,10.0
209,Nemuro,2021-09-29 01:20:50,43.3236,145.575,64.83,71,100,11.74
210,Olinda,2021-09-29 01:20:51,-8.0089,-34.8553,78.53,78,75,13.8
211,San Pedro,2021-09-29 01:20:51,14.35,121.0167,87.31,71,95,2.95
212,Alvaraes,2021-09-29 01:20:51,-3.2208,-64.8042,70.61,96,65,1.77
213,Quelimane,2021-09-29 01:20:52,-17.8786,36.8883,76.95,78,0,11.5
214,Yulara,2021-09-29 01:20:52,-25.2406,130.9889,71.44,35,0,5.75
215,Port Hedland,2021-09-29 01:19:43,-20.3167,118.5667,86.05,21,5,2.3
216,Tokur,2021-09-29 01:20:52,53.1333,132.9,43.75,94,100,7.11
217,Tiksi,2021-09-29 01:20:53,71.6872,128.8694,32.11,89,100,2.84
218,Atocha,2021-09-29 01:20:53,-20.9333,-66.2333,54.37,48,1,9.64
219,Auki,2021-09-29 01:20:53,-8.7676,160.7034,85.68,66,100,4.14
220,Capoterra,2021-09-29 01:20:54,39.1763,8.9718,69.53,80,13,6.91
221,Vostok,2021-09-29 01:20:54,46.4856,135.8833,64.27,64,100,3.29
222,Key Largo,2021-09-29 01:19:24,25.0865,-80.4473,81.0,55,2,14.07
223,Wau,2021-09-29 01:20:54,7.7029,27.9953,70.84,96,90,2.57
224,Kamaishi,2021-09-29 01:20:55,39.2667,141.8833,72.55,79,89,7.85
225,East London,2021-09-29 01:20:55,-33.0153,27.9116,61.83,75,100,8.77
226,Tarauaca,2021-09-29 01:20:55,-8.1614,-70.7656,78.3,65,5,2.53
227,Porto Velho,2021-09-29 01:20:06,-8.7619,-63.9039,77.05,88,0,0.0
228,Airai,2021-09-29 01:20:56,-8.9266,125.4092,77.58,31,9,2.98
229,Kinsale,2021-09-29 01:20:56,51.7075,-8.5306,45.77,81,20,12.66
230,Kuytun,2021-09-29 01:20:56,54.3419,101.5036,31.77,86,89,7.87
231,Katangli,2021-09-29 01:20:57,51.7102,143.2326,63.41,72,12,7.61
232,Vila Velha,2021-09-29 01:17:46,-20.3297,-40.2925,73.35,78,75,5.75
233,Hanting,2021-09-29 01:20:57,36.7708,119.2108,69.21,80,0,2.93
234,Port Lincoln,2021-09-29 01:20:58,-34.7333,135.8667,61.66,70,47,6.69
235,Tommot,2021-09-29 01:20:58,58.9564,126.2925,36.79,97,100,7.43
236,Tacuarembo,2021-09-29 01:20:58,-31.7333,-55.9833,58.23,92,99,11.5
237,Tucurui,2021-09-29 01:20:59,-3.7661,-49.6725,75.27,84,59,3.0
238,Pouembout,2021-09-29 01:20:59,-21.1333,164.9,77.67,59,68,6.29
239,Farafangana,2021-09-29 01:20:59,-22.8167,47.8333,69.87,88,45,10.74
240,Rawson,2021-09-29 01:21:00,-43.3002,-65.1023,54.54,49,76,5.01
241,Padang,2021-09-29 01:21:00,-0.9492,100.3543,77.05,90,99,6.15
242,Inirida,2021-09-29 01:21:00,3.8653,-67.9239,76.93,85,39,1.92
243,Eyl,2021-09-29 01:21:01,7.9803,49.8164,78.58,76,6,8.21
244,Conceicao Da Barra,2021-09-29 01:21:01,-18.5933,-39.7322,73.36,80,43,7.47
245,Kununurra,2021-09-29 01:21:01,-15.7667,128.7333,91.38,46,12,8.05
246,Takoradi,2021-09-29 01:21:02,4.8845,-1.7554,75.9,90,11,5.64
247,Eyemouth,2021-09-29 01:21:02,55.8713,-2.0901,45.23,96,100,1.99
248,Saldanha,2021-09-29 01:21:02,-33.0117,17.9442,55.45,79,0,25.17
249,Makakilo City,2021-09-29 01:21:03,21.3469,-158.0858,86.32,62,40,11.5
250,Geelong,2021-09-29 01:21:03,-38.1471,144.3607,63.82,71,90,5.01
251,Cayenne,2021-09-29 01:21:03,4.9333,-52.3333,83.08,81,20,4.0
252,Lorengau,2021-09-29 01:21:04,-2.0226,147.2712,85.24,71,31,8.77
253,Ancud,2021-09-29 01:21:04,-41.8697,-73.8203,44.13,81,100,2.33
254,Grindavik,2021-09-29 01:21:04,63.8424,-22.4338,39.15,87,90,44.87
255,Chunskiy,2021-09-29 01:21:04,56.0815,99.6342,32.86,93,95,2.19
256,La Ronge,2021-09-29 01:21:05,55.1001,-105.2842,66.45,59,90,6.91
257,Klaksvik,2021-09-29 01:21:05,62.2266,-6.589,45.52,85,100,6.44
258,Kirakira,2021-09-29 01:21:05,-10.4544,161.9205,84.34,72,88,9.46
259,Warrington,2021-09-29 01:21:06,53.3925,-2.5802,50.49,92,40,1.01
260,Yar-Sale,2021-09-29 01:18:39,66.8333,70.8333,36.19,98,100,5.39
261,Ihosy,2021-09-29 01:21:06,-22.4,46.1167,63.32,87,59,5.53
262,Touros,2021-09-29 01:18:14,-5.1989,-35.4608,77.9,82,91,15.05
263,Onguday,2021-09-29 01:21:07,50.75,86.15,36.84,90,100,3.87
264,Tecoanapa,2021-09-29 01:21:07,16.5167,-98.75,80.49,76,76,6.8
265,Noumea,2021-09-29 01:21:07,-22.2763,166.4572,80.58,69,76,16.51
266,Sudak,2021-09-29 01:21:08,44.85,34.9667,54.28,77,36,8.84
267,Saint-Sauveur-Des-Monts,2021-09-29 01:21:08,45.9001,-74.1659,53.78,74,100,2.08
268,Eureka,2021-09-29 01:17:57,40.8021,-124.1637,62.67,78,100,4.0
269,Melville,2021-09-29 01:21:08,40.7934,-73.4151,69.55,80,40,8.05
270,Atar,2021-09-29 01:21:09,20.5169,-13.0499,93.2,10,8,6.2
271,Fuling,2021-09-29 01:21:09,29.7022,107.3919,75.42,79,0,2.48
272,Lexington,2021-09-29 01:17:23,37.9887,-84.4777,71.98,84,1,4.61
273,Kapit,2021-09-29 01:21:09,2.0167,112.9333,75.76,98,100,0.2
274,Salalah,2021-09-29 01:21:06,17.0151,54.0924,80.69,83,20,3.44
275,High Level,2021-09-29 01:21:10,58.5169,-117.136,53.71,87,75,4.61
276,Mayskiy,2021-09-29 01:21:10,47.6931,40.1025,51.44,75,88,10.18
277,Terra Santa,2021-09-29 01:21:11,-2.1042,-56.4869,78.15,68,23,1.88
278,Jiangyou,2021-09-29 01:21:11,31.7667,104.7167,71.85,83,7,2.13
279,Tabas,2021-09-29 01:21:11,33.5959,56.9244,76.59,15,0,1.45
280,Edea,2021-09-29 01:21:12,3.8,10.1333,76.78,99,100,1.68
281,Lompoc,2021-09-29 01:21:12,34.6391,-120.4579,73.11,65,1,11.5
282,Komatipoort,2021-09-29 01:21:12,-25.4332,31.9548,68.05,83,3,6.58
283,Santa Lucia,2021-09-29 01:21:12,27.9117,-15.5407,66.11,77,40,23.02
284,Paraiso,2021-09-29 01:21:13,9.8383,-83.8656,68.88,78,100,0.45
285,Bilibino,2021-09-29 01:18:55,68.0546,166.4372,16.25,86,77,2.44
286,Anadyr,2021-09-29 01:21:13,64.75,177.4833,28.9,63,0,15.66
287,Erice,2021-09-29 01:21:14,38.037,12.5865,64.87,94,40,3.44
288,Riohacha,2021-09-29 01:21:14,11.5444,-72.9072,80.83,84,100,3.53
289,Mangai,2021-09-29 01:21:14,-4.05,19.5333,69.71,99,100,0.74
290,Maneadero,2021-09-29 01:21:15,31.7167,-116.5667,68.11,76,8,1.01
291,Dakar,2021-09-29 01:21:15,14.6937,-17.4441,82.53,94,20,4.61
292,Sirvintos,2021-09-29 01:21:15,55.05,24.95,47.21,94,15,7.25
293,Yenagoa,2021-09-29 01:21:16,4.9247,6.2642,74.97,95,15,3.36
294,Tomatlan,2021-09-29 01:21:16,19.9333,-105.25,77.56,88,81,1.16
295,Dolores,2021-09-29 01:21:16,-36.3132,-57.6792,47.5,94,100,6.91
296,Trzcianka,2021-09-29 01:21:17,53.0406,16.4563,55.76,67,100,9.78
297,Flinders,2021-09-29 01:21:17,-34.5833,150.8552,72.05,69,100,4.0
298,Puerto Baquerizo Moreno,2021-09-29 01:21:17,-0.9,-89.6,69.28,89,59,8.5
299,Paoua,2021-09-29 01:21:18,7.2427,16.4406,69.35,98,100,3.71
300,Khandyga,2021-09-29 01:21:18,62.6667,135.6,41.23,43,0,6.89
301,Tuy Hoa,2021-09-29 01:21:18,13.0833,109.3,81.9,78,46,5.1
302,Tezu,2021-09-29 01:19:12,27.9167,96.1667,79.03,75,23,0.6
303,Harrison,2021-09-29 01:21:19,30.4091,-89.0436,73.35,99,20,3.44
304,Genhe,2021-09-29 01:21:19,50.7833,121.5167,36.25,76,16,8.88
305,Dingle,2021-09-29 01:21:19,10.9995,122.6711,83.64,79,39,4.9
306,Leshukonskoye,2021-09-29 01:21:20,64.8989,45.7622,39.45,94,79,2.26
307,Disna,2021-09-29 01:21:20,55.568,28.1971,46.56,90,100,6.64
308,Norman Wells,2021-09-29 01:21:20,65.282,-126.8329,30.24,93,90,16.11
309,Carutapera,2021-09-29 01:21:21,-1.195,-46.02,75.7,92,5,6.29
310,Mana,2021-09-29 01:21:21,5.6592,-53.7767,79.09,83,51,8.79
311,Canatlan,2021-09-29 01:21:21,24.5167,-104.7833,68.32,57,99,5.28
312,Casablanca,2021-09-29 01:21:21,33.5928,-7.6192,71.33,83,40,13.0
313,Kokkola,2021-09-29 01:21:22,63.8385,23.1307,44.92,91,40,1.99
314,Assiniboia,2021-09-29 01:21:22,49.6334,-105.9845,67.91,28,100,18.41
315,Pizarro,2021-09-29 01:21:23,4.9533,-77.366,75.43,86,100,2.24
316,Sogne,2021-09-29 01:21:23,58.0833,7.8167,57.69,83,100,9.06
317,Saint-Leu,2021-09-29 01:21:24,-21.15,55.2833,70.63,73,28,4.29
318,Aktash,2021-09-29 01:21:24,50.3,87.7333,25.3,84,100,3.62
319,Xudat,2021-09-29 01:21:24,41.631,48.681,58.8,87,100,7.43
320,Waingapu,2021-09-29 01:21:25,-9.6567,120.2641,83.59,59,10,7.92
321,Lahat,2021-09-29 01:21:25,-3.8,103.5333,78.57,87,43,0.56
322,Constitucion,2021-09-29 01:21:25,-35.3333,-72.4167,50.04,69,0,7.81
323,Tuatapere,2021-09-29 01:21:26,-46.1333,167.6833,52.83,81,99,9.17
324,Strezhevoy,2021-09-29 01:21:26,60.7333,77.5889,35.58,81,100,5.55
325,Japura,2021-09-29 01:21:26,-0.3167,102.35,78.55,89,79,1.68
326,Khatanga,2021-09-29 01:21:27,71.9667,102.5,28.09,68,100,8.63
327,Viedma,2021-09-29 01:21:27,-40.8135,-62.9967,47.55,63,5,10.67
328,Ozernovskiy,2021-09-29 01:21:27,51.5,156.5167,49.6,95,100,11.16
329,Bathsheba,2021-09-29 01:21:28,13.2167,-59.5167,79.41,89,40,5.75
330,La Rioja,2021-09-29 01:21:28,42.25,-2.5,55.49,93,100,3.89
331,Sawang Daen Din,2021-09-29 01:21:28,17.4753,103.4575,82.18,99,0,2.95
332,Monforte De Lemos,2021-09-29 01:21:28,42.5216,-7.5142,54.7,94,100,0.81
333,Plettenberg Bay,2021-09-29 01:21:29,-34.0527,23.3716,54.99,70,100,6.15
334,Bijni,2021-09-29 01:21:29,26.4959,90.703,78.19,90,91,4.23
335,Rudraprayag,2021-09-29 01:21:30,30.2833,78.9833,70.07,88,0,3.02
336,Mount Isa,2021-09-29 01:21:30,-20.7333,139.5,85.77,37,90,13.8
337,Hasaki,2021-09-29 01:17:16,35.7333,140.8333,75.29,67,98,8.86
338,Wernigerode,2021-09-29 01:17:39,51.8333,10.7833,52.38,86,100,3.0
339,Grand-Lahou,2021-09-29 01:21:30,5.1367,-5.0242,75.2,93,97,5.53
340,Peniche,2021-09-29 01:21:31,39.3558,-9.3811,62.62,84,7,20.49
341,Kremenchuk,2021-09-29 01:21:31,49.0973,33.4197,46.44,86,38,6.62
342,Talnakh,2021-09-29 01:21:31,69.4865,88.3972,31.59,76,69,2.46
343,Ust-Nera,2021-09-29 01:21:32,64.5667,143.2,26.4,54,3,3.53
344,Mogadishu,2021-09-29 01:21:32,2.0371,45.3438,77.45,91,100,13.8
345,Kargil,2021-09-29 01:21:33,34.5667,76.1,50.72,64,6,5.06
346,Mehamn,2021-09-29 01:21:33,71.0357,27.8492,48.15,76,99,12.77
347,Purpe,2021-09-29 01:21:33,64.4803,76.6897,32.74,73,100,7.4
348,Soure,2021-09-29 01:21:33,-0.7167,-48.5233,77.81,84,5,10.0
349,Luderitz,2021-09-29 01:21:34,-26.6481,15.1594,53.71,83,0,15.88
350,Doka,2021-09-29 01:21:34,13.5167,35.7667,72.79,83,100,6.11
351,Saint George,2021-09-29 01:18:44,37.1041,-113.5841,84.67,23,1,4.0
352,Lyndon,2021-09-29 01:21:35,38.2567,-85.6016,76.6,77,1,0.0
353,Murbad,2021-09-29 01:21:35,19.25,73.4,79.81,96,100,7.83
354,Asau,2021-09-29 01:21:35,46.4333,26.4,52.75,92,81,2.19
355,Souillac,2021-09-29 01:21:36,-20.5167,57.5167,72.36,60,75,17.27
356,Mahibadhoo,2021-09-29 01:21:36,3.7833,72.9667,82.4,76,87,12.44
357,Les Cayes,2021-09-29 01:21:36,18.2,-73.75,79.54,79,0,1.59
358,Balkanabat,2021-09-29 01:21:36,39.5108,54.3671,69.28,39,0,3.24
359,Weligama,2021-09-29 01:21:37,5.9667,80.4167,78.15,86,100,11.59
360,Abalak,2021-09-29 01:21:37,58.1286,68.5944,31.62,95,19,6.85
361,Washougal,2021-09-29 01:21:37,45.5826,-122.3534,59.94,88,75,0.0
362,Saint-Francois,2021-09-29 01:21:38,46.4154,3.9054,54.84,92,0,2.3
363,Tuburan,2021-09-29 01:21:38,6.6439,122.2736,83.16,71,100,0.63
364,Prainha,2021-09-29 01:21:38,-1.8,-53.48,81.21,62,1,5.01
365,Lichuan,2021-09-29 01:21:39,30.3,108.85,65.35,88,47,2.57
366,Iqaluit,2021-09-29 01:18:34,63.7506,-68.5145,28.13,86,40,4.0
367,Waitati,2021-09-29 01:21:39,-45.75,170.5667,56.3,61,100,3.38
368,Luba,2021-09-29 01:18:10,3.4568,8.5547,78.42,83,68,3.27
369,Aklavik,2021-09-29 01:21:40,68.2191,-135.0107,32.83,95,100,20.0
370,Klyuchi,2021-09-29 01:21:40,52.2667,79.1667,43.16,86,68,4.76
371,Harper,2021-09-29 01:20:43,4.375,-7.7169,77.34,86,74,5.73
372,Wanning,2021-09-29 01:21:40,18.8003,110.3967,81.3,75,33,1.79
373,Kichera,2021-09-29 01:21:41,55.9375,110.0997,36.7,66,13,3.53
374,Bairiki,2021-09-29 01:21:41,1.3292,172.9752,89.6,58,20,19.57
375,Lincoln,2021-09-29 01:21:36,40.8,-96.667,82.29,46,1,3.0
376,Shelabolikha,2021-09-29 01:21:41,53.4131,82.6167,38.66,90,100,12.24
377,Lagoa,2021-09-29 01:21:42,39.05,-27.9833,70.27,89,75,18.03
378,Zyryanka,2021-09-29 01:21:42,65.75,150.85,31.26,57,100,20.38
379,Cooma,2021-09-29 01:21:43,-36.2333,149.1333,56.97,82,90,12.66
380,Mayahi,2021-09-29 01:21:43,13.9553,7.6712,87.08,36,10,9.42
381,Bubaque,2021-09-29 01:21:43,11.2833,-15.8333,81.19,79,100,9.86
382,Kenai,2021-09-29 01:21:44,60.5544,-151.2583,48.15,43,1,3.44
383,Dongfeng,2021-09-29 01:21:44,42.6403,125.5118,66.43,73,2,7.49
384,Kuching,2021-09-29 01:21:44,1.55,110.3333,77.22,100,40,3.44
385,Teguldet,2021-09-29 01:21:45,57.3064,88.1667,31.21,94,18,4.68
386,Malinovoye Ozero,2021-09-29 01:21:45,51.6753,79.7825,44.15,75,6,8.48
387,Acapulco,2021-09-29 01:21:45,16.8634,-99.8901,80.19,82,83,6.31
388,Beloha,2021-09-29 01:21:46,-25.1667,45.05,69.49,61,47,3.58
389,Daru,2021-09-29 01:21:46,-9.0763,143.2092,81.41,79,100,13.31
390,Obihiro,2021-09-29 01:21:46,42.9172,143.2044,62.01,82,75,1.14
391,Huejuquilla El Alto,2021-09-29 01:21:47,22.6,-103.8667,64.9,72,6,6.29
392,Beacon,2021-09-29 01:21:47,41.5048,-73.9696,64.98,90,1,9.22
393,Guacui,2021-09-29 01:21:47,-20.7756,-41.6794,64.87,88,0,2.44
394,Qaanaaq,2021-09-29 01:18:28,77.484,-69.3632,27.66,73,100,1.95
395,North Bend,2021-09-29 01:21:48,43.4065,-124.2243,60.71,83,20,6.91
396,Kyzyl-Suu,2021-09-29 01:21:48,42.3414,78.0056,52.41,35,100,3.83
397,Kaeo,2021-09-29 01:21:48,-35.1,173.7833,65.32,52,45,8.48
398,Duncan,2021-09-29 01:21:49,34.5023,-97.9578,78.85,78,1,8.05
399,Shaunavon,2021-09-29 01:21:49,49.6501,-108.4181,58.78,24,100,10.02
400,Rio Grande,2021-09-29 01:20:09,-32.035,-52.0986,60.94,94,100,17.25
401,Zenzeli,2021-09-29 01:21:49,45.9241,47.0474,53.8,51,91,8.9
402,Pankovka,2021-09-29 01:21:50,58.5,31.1999,45.23,80,98,4.68
403,Ginir,2021-09-29 01:21:50,7.1333,40.7,60.44,82,94,5.44
404,Kargasok,2021-09-29 01:21:51,59.0556,80.8572,31.68,92,38,6.33
405,Trairi,2021-09-29 01:18:50,-3.2778,-39.2689,79.52,81,4,13.44
406,Maridi,2021-09-29 01:21:51,4.9158,29.4742,65.91,97,97,4.0
407,Padampur,2021-09-29 01:21:51,29.6833,73.6167,82.56,70,5,5.77
408,Half Moon Bay,2021-09-29 01:18:37,37.4636,-122.4286,77.41,60,1,11.5
409,Suntar,2021-09-29 01:21:52,62.1444,117.6319,32.77,74,36,7.16
410,Otukpo,2021-09-29 01:21:52,7.1913,8.1329,71.76,95,100,4.43
411,Rybnaya Sloboda,2021-09-29 01:21:52,55.4613,50.1409,33.78,78,78,8.34
412,Menongue,2021-09-29 01:21:53,-14.6585,17.691,65.35,47,44,2.98
413,Chandbali,2021-09-29 01:19:20,20.7833,86.7667,78.46,92,100,6.89
414,Gillette,2021-09-29 01:18:54,44.2911,-105.5022,78.03,26,1,13.0
415,Hirara,2021-09-29 01:21:53,24.8,125.2833,86.27,79,40,8.05
416,Mackay,2021-09-29 01:19:15,-21.15,149.2,79.05,62,0,12.77
417,Olafsvik,2021-09-29 01:20:29,64.8945,-23.7142,41.86,86,100,33.38
418,Amethi,2021-09-29 01:21:54,26.15,81.8167,77.65,88,39,6.02
419,Aljezur,2021-09-29 01:21:54,37.3191,-8.8033,60.35,77,0,15.37
420,Tokonou,2021-09-29 01:21:54,9.65,-9.7833,68.81,94,100,1.81
421,Cidreira,2021-09-29 01:21:55,-30.1811,-50.2056,64.17,93,100,1.7
422,Svetlyy,2021-09-29 01:21:55,54.675,20.1347,42.85,75,19,12.68
423,Marsh Harbour,2021-09-29 01:21:55,26.5412,-77.0636,80.74,58,5,10.0
424,Asfi,2021-09-29 01:21:56,32.2994,-9.2372,68.27,89,5,19.44
425,Aquidauana,2021-09-29 01:21:56,-20.4711,-55.7872,85.32,26,15,2.37
426,Portland,2021-09-29 01:17:41,45.5234,-122.6762,60.6,82,75,5.01
427,Zaozerne,2021-09-29 01:21:56,45.1582,33.2787,56.75,71,45,13.31
428,Mumford,2021-09-29 01:21:57,5.2618,-0.759,76.69,89,21,6.73
429,Ulan-Ude,2021-09-29 01:21:57,51.8261,107.6098,40.89,65,75,4.47
430,Juneau,2021-09-29 01:21:57,58.3019,-134.4197,48.25,84,75,9.22
431,Codrington,2021-09-29 01:18:52,-38.2667,141.9667,59.54,71,100,15.39
432,Son La,2021-09-29 01:21:58,21.3167,103.9,74.43,80,6,1.32
433,Ingham,2021-09-29 01:19:43,42.6,-84.3833,59.16,88,1,0.0
434,Goure,2021-09-29 01:21:59,13.9835,10.2704,83.71,46,61,8.05
435,Price,2021-09-29 01:18:04,39.5994,-110.8107,63.12,72,90,4.61
436,Axim,2021-09-29 01:21:59,4.8699,-2.2405,76.1,90,7,5.59
437,Alice Springs,2021-09-29 01:20:12,-23.7,133.8833,74.75,20,0,10.36
438,Saskylakh,2021-09-29 01:22:00,71.9167,114.0833,24.8,84,100,5.12
439,Racine,2021-09-29 01:22:00,42.7495,-88.0751,60.33,81,0,0.0
440,Matara,2021-09-29 01:21:54,5.9485,80.5353,78.01,86,100,11.12
441,Bukama,2021-09-29 01:22:01,-9.2,25.85,75.04,68,81,1.63
442,Bantou,2021-09-29 01:22:01,26.2151,117.4893,84.92,53,0,1.45
443,Clyde River,2021-09-29 01:22:02,70.4692,-68.5914,31.14,70,100,3.78
444,Bad Pyrmont,2021-09-29 01:22:02,51.9833,9.25,53.11,84,100,3.4
445,Amlame,2021-09-29 01:22:02,7.4667,0.9,71.15,97,76,1.97
446,Husavik,2021-09-29 01:22:03,66.0449,-17.3389,35.51,72,71,20.83
447,Maniitsoq,2021-09-29 01:18:09,65.4167,-52.9,32.65,56,3,7.09
448,Ewa Beach,2021-09-29 01:22:03,21.3156,-158.0072,87.75,62,40,11.5
449,Hobyo,2021-09-29 01:22:04,5.3505,48.5268,78.12,85,4,23.42
450,Severo-Kurilsk,2021-09-29 01:22:04,50.6789,156.125,54.34,76,100,11.43
451,Providencia,2021-09-29 01:22:04,28.7167,-111.5833,89.65,66,0,8.01
452,Christchurch,2021-09-29 01:18:17,-43.5333,172.6333,68.2,32,14,13.8
453,Basiad,2021-09-29 01:22:05,14.1562,122.3375,84.72,71,47,2.73
454,Abong Mbang,2021-09-29 01:22:05,3.9833,13.1833,66.36,99,100,2.24
455,Saint-Augustin,2021-09-29 01:22:05,51.226,-58.6502,48.09,84,6,10.6
456,Calama,2021-09-29 01:22:06,-22.4667,-68.9333,56.39,19,0,3.51
457,Blyth,2021-09-29 01:22:06,55.1271,-1.5086,50.29,98,100,4.61
458,Cherdyn,2021-09-29 01:22:06,60.403,56.4787,30.36,94,73,3.51
459,Artyom,2021-09-29 01:22:07,40.4723,50.333,62.74,73,100,18.66
460,Gastonia,2021-09-29 01:22:07,35.2621,-81.1873,73.09,86,1,0.0
461,Hastings,2021-09-29 01:22:06,50.8552,0.5729,55.29,99,100,15.61
462,Verkhnevilyuysk,2021-09-29 01:18:47,63.4453,120.3167,33.39,73,51,6.78
463,Tawau,2021-09-29 01:22:07,4.2498,117.8871,84.33,77,100,1.66
464,Atikokan,2021-09-29 01:22:08,48.7555,-91.6216,62.55,69,4,4.56
465,Avera,2021-09-29 01:22:08,33.194,-82.5271,73.71,63,0,4.05
466,Shimoda,2021-09-29 01:22:08,34.6667,138.95,75.11,74,43,13.44
467,Dongsheng,2021-09-29 01:22:09,39.8161,109.9776,61.97,22,0,4.38
468,Waipawa,2021-09-29 01:22:09,-41.4122,175.5153,57.83,47,10,6.06
469,Jasper,2021-09-29 01:17:15,37.2001,-94.3502,74.64,64,1,1.01
470,Larsnes,2021-09-29 01:22:10,62.2028,5.5773,53.01,75,26,5.61
471,Alta Floresta,2021-09-29 01:22:10,-9.8756,-56.0861,70.02,97,81,4.23
472,Kahului,2021-09-29 01:20:05,20.8947,-156.47,87.06,76,40,21.85
473,Abha,2021-09-29 01:22:11,18.2164,42.5053,67.82,32,0,0.0
474,Lata,2021-09-29 01:20:39,40.1629,-8.3327,57.81,95,11,3.09
475,Puga,2021-09-29 01:22:12,21.5833,-104.8167,69.12,98,47,2.64
476,Kinnelon,2021-09-29 01:17:27,41.0018,-74.3671,67.59,84,1,4.0
477,Salinopolis,2021-09-29 01:22:12,-0.6136,-47.3561,78.08,84,16,9.98
478,Cremona,2021-09-29 01:22:12,45.2333,9.9333,70.81,88,100,4.7
479,Aswan,2021-09-29 01:22:13,24.0934,32.907,76.06,35,1,10.92
480,Konotop,2021-09-29 01:22:13,51.2403,33.2026,40.05,95,21,7.83
481,Muisne,2021-09-29 01:22:14,0.6,-80.0333,73.8,84,100,7.76
482,Juegang,2021-09-29 01:22:14,32.3174,121.1855,78.66,78,84,8.63
483,Brigantine,2021-09-29 01:22:14,39.4101,-74.3646,72.01,88,1,3.44
484,Bara,2021-09-29 01:22:15,10.3744,10.7288,75.02,87,100,4.74
485,Sao Domingos Do Maranhao,2021-09-29 01:22:15,-5.5758,-44.3853,81.84,58,87,3.76
486,Xichang,2021-09-29 01:22:15,27.8964,102.2634,64.53,81,9,1.01
487,Zacatecoluca,2021-09-29 01:22:15,13.5,-88.8667,78.98,89,96,1.63
488,Braco Do Norte,2021-09-29 01:22:16,-28.275,-49.1656,70.25,98,100,2.24
489,Ikauna,2021-09-29 01:22:16,27.55,81.9667,77.7,88,8,4.83
490,Tshikapa,2021-09-29 01:22:16,-6.4167,20.8,70.52,91,65,2.24
491,Nusaybin,2021-09-29 01:22:17,37.0778,41.2178,59.54,31,0,1.45
492,Nabire,2021-09-29 01:22:17,-3.3667,135.4833,81.97,79,99,0.87
493,Doha,2021-09-29 01:17:40,25.2867,51.5333,82.38,68,0,2.3
494,Letterkenny,2021-09-29 01:22:18,54.95,-7.7333,43.79,87,18,6.06
495,Thinadhoo,2021-09-29 01:21:16,0.5333,72.9333,82.56,73,35,11.88
496,Brownsville,2021-09-29 01:22:16,25.9018,-97.4975,85.08,75,1,5.99
497,Lasa,2021-09-29 01:22:18,46.6166,10.7002,61.68,91,95,3.24
498,Biswan,2021-09-29 01:22:18,27.5,81.0,77.54,89,37,5.77
499,Boma,2021-09-29 01:22:19,7.0805,-2.1697,69.67,99,63,1.63
500,Balikpapan,2021-09-29 01:22:19,-1.2675,116.8289,78.73,88,100,4.34
501,Owatonna,2021-09-29 01:22:19,44.0839,-93.226,71.6,55,1,1.01
502,Nazilli,2021-09-29 01:22:20,37.9163,28.3223,63.07,67,74,3.58
503,Chernyshevskiy,2021-09-29 01:22:20,63.0128,112.4714,29.86,71,18,6.31
504,Jijiga,2021-09-29 01:22:20,9.35,42.8,63.77,74,9,10.29
505,Sibu,2021-09-29 01:22:21,2.3,111.8167,80.91,94,40,3.44
506,Cairns,2021-09-29 01:17:31,-16.9167,145.7667,87.06,70,90,12.66
507,Qiryat Shemona,2021-09-29 01:22:21,33.2073,35.5721,68.0,92,14,2.64
508,Goderich,2021-09-29 01:22:22,43.7501,-81.7165,57.9,82,99,3.44
509,Tevaitoa,2021-09-29 01:22:22,-16.7833,-151.5,79.05,75,17,14.61
510,Verkhnyaya Maksakovka,2021-09-29 01:22:22,61.635,50.9674,42.82,93,90,4.47
511,Akdepe,2021-09-29 01:22:23,42.0551,59.3788,55.49,47,16,5.84
512,Byron Bay,2021-09-29 01:22:23,-28.65,153.6167,71.87,58,100,15.03
513,Banjar,2021-09-29 01:22:23,-8.19,114.9675,84.06,64,74,2.66
514,Dancheng,2021-09-29 01:22:24,33.6333,115.1833,68.94,77,0,3.94
515,Alghero,2021-09-29 01:22:24,40.5589,8.3181,68.99,94,0,1.14
516,Bereda,2021-09-29 01:22:24,43.2686,-7.5406,55.15,100,94,2.91
517,Lamar,2021-09-29 01:22:25,33.6668,-95.5836,84.36,62,1,4.61
518,Mandera,2021-09-29 01:22:25,3.9366,41.867,78.39,64,100,12.21
519,Finschhafen,2021-09-29 01:22:25,-6.6024,147.8681,84.34,70,100,10.94
520,Pijao,2021-09-29 01:22:26,4.3342,-75.7035,59.99,97,100,1.54
521,Banjarmasin,2021-09-29 01:22:26,-3.3244,114.591,82.54,69,96,4.52
522,Mahanoro,2021-09-29 01:22:26,-19.9,48.8,69.67,82,90,5.1
523,Benesov Nad Ploucnici,2021-09-29 01:22:27,50.7416,14.3124,59.68,98,100,1.3
524,Salvador,2021-09-29 01:22:27,13.8333,-88.9167,73.8,97,98,1.99
525,Karpogory,2021-09-29 01:22:27,64.0019,44.4451,45.21,92,99,3.51
526,Aleksandrov Gay,2021-09-29 01:22:28,50.147,48.5704,44.65,60,100,10.27
527,Vao,2021-09-29 01:22:28,-22.6667,167.4833,68.56,76,8,20.54
528,Santa Cruz,2021-09-29 01:18:12,-17.8,-63.1667,80.06,74,4,9.22
529,Solnechnyy,2021-09-29 01:22:29,50.7214,136.6319,63.18,70,44,11.74
530,Aloleng,2021-09-29 01:22:29,16.1307,119.7824,82.94,75,66,4.83
531,Tual,2021-09-29 01:22:29,-5.6667,132.75,81.34,82,34,13.04
532,Ust-Omchug,2021-09-29 01:22:30,61.15,149.6333,24.89,60,45,6.55
533,Tulun,2021-09-29 01:19:12,54.5611,100.5792,32.31,88,91,6.26
534,Samdrup Jongkhar,2021-09-29 01:22:30,26.9167,91.6167,70.83,84,91,1.54
535,Vigrestad,2021-09-29 01:22:30,58.5667,5.7,57.99,77,100,22.84
536,Buala,2021-09-29 01:22:31,-8.145,159.5921,81.75,81,100,10.29
537,Cachoeiro De Itapemirim,2021-09-29 01:22:31,-20.8489,-41.1128,68.99,91,0,1.43
538,Djibo,2021-09-29 01:22:31,14.1022,-1.6306,84.6,47,53,9.1
539,Dargaville,2021-09-29 01:22:32,-35.9333,173.8833,58.77,57,5,10.89
540,Lufilufi,2021-09-29 01:22:32,-13.8745,-171.5986,91.18,76,20,17.58
541,Enumclaw,2021-09-29 01:22:32,47.2043,-121.9915,57.79,86,61,3.0
542,Acajutla,2021-09-29 01:22:33,13.5928,-89.8275,80.69,78,90,2.59
543,Nago,2021-09-29 01:22:33,26.5881,127.9761,86.45,75,2,15.59
544,Opuwo,2021-09-29 01:20:23,-18.0607,13.84,62.83,37,3,5.17
545,Markala,2021-09-29 01:22:34,13.7021,-6.0659,81.41,53,0,8.7
546,Barcelos,2021-09-29 01:22:34,41.5388,-8.6151,57.34,90,82,4.7
547,Serebryansk,2021-09-29 01:22:34,49.6925,83.2892,49.55,62,100,5.01
548,Jumla,2021-09-29 01:22:35,29.2747,82.1838,57.49,87,58,2.15
549,Vicuna,2021-09-29 01:22:35,-30.0319,-70.7081,46.13,27,100,1.5
550,Esfarayen,2021-09-29 01:22:35,37.0765,57.5101,53.26,45,0,5.44
551,Pauini,2021-09-29 01:22:36,-7.7136,-66.9764,74.35,86,15,0.6
552,Haicheng,2021-09-29 01:22:36,40.8516,122.7475,70.07,75,0,6.73
553,Raudeberg,2021-09-29 01:19:41,61.9875,5.1352,52.47,68,8,1.99
554,Biak,2021-09-29 01:22:36,-0.9131,122.8766,81.72,72,32,7.2
555,Nioro,2021-09-29 01:18:10,13.35,-15.75,77.0,89,4,7.02
556,Campos,2021-09-29 01:22:37,-21.75,-41.3,71.26,87,8,10.58
557,Awjilah,2021-09-29 01:22:37,29.1081,21.2869,72.23,56,0,7.63
558,Markova,2021-09-29 01:22:37,48.6758,24.4138,40.69,92,47,3.69
